{"cameraMode":{"drawMode":0,"name":"Shaded","section":"Shading Mode"},"sceneLighting":true,"audioPlay":false,"sceneViewState":{"showFog":false,"showMaterialUpdate":false,"showSkybox":true,"showFlares":false,"showImageEffects":false,"showParticleSystems":false,"showVisualEffectGraphs":true,"m_FxEnabled":true},"in2DMode":false,"pivot":{"x":-0.41501811146736147,"y":12.117633819580079,"z":0.11929737776517868},"rotation":{"x":0.3896157443523407,"y":-0.610384464263916,"z":0.4879656732082367,"w":0.48736390471458437},"size":0.024011705070734025,"orthographic":true}