{"cameraMode":{"drawMode":0,"name":"Shaded","section":"Shading Mode"},"sceneLighting":true,"audioPlay":false,"sceneViewState":{"showFog":true,"showMaterialUpdate":false,"showSkybox":true,"showFlares":true,"showImageEffects":true,"showParticleSystems":true,"showVisualEffectGraphs":true,"m_FxEnabled":true},"in2DMode":false,"pivot":{"x":-0.2881956100463867,"y":12.013221740722657,"z":-0.009928494691848755},"rotation":{"x":-0.019332274794578553,"y":0.9806607961654663,"z":-0.13950680196285249,"w":-0.13589592278003694},"size":0.5133533477783203,"orthographic":false}